REPLACE INTO `quest_template` VALUES (100000, 2, 255, 1, 0, 3483, 0, 1, 0, 0, 0, 0, 0, 0, 0, 0, 0, 0, 0, 0, 0, 0, 0, 0, 0, 0, 100000000, 0, 0, 20217, 0, 1, 0, 0, 0, 0, 0, 0, 0, 135, 0, 0, 0, 33224, 100000, 100010, 100011, 1, 1, 3, 50, 0, 0, 0, 0, 0, 0, 0, 0, 0, 0, 0, 0, 0, 0, 0, 0, 0, 0, 0, 0, 0, 0, 0, 0, 0, 0, 0, 0, 0, 0, 0, 'Welcome In World!!', 'Speak to me again', 'Welcome to WoW Like FUN 255. Enjoy your stay here', '', NULL, NULL, '', 0, 0, 0, 0, 0, 0, 0, 0, 0, 0, 0, 0, 0, 0, 0, 0, 0, 0, 0, 0, 0, 0, 0, 0, 0, 0, 0, 0, 0, 0, 0, 0, 0, NULL, NULL, NULL, NULL, 0, 0, 0, 0, 0, 0, 0, 0, 0, 0, 0, 0, 0, 0, 0, 0, 0, 0, 0, 0, 1);
REPLACE INTO `quest_template` VALUES (100001, 2, 255, 1, 0, 3483, 0, 5, 0, 0, 0, 0, 0, 0, 0, 0, 0, 0, 0, 0, 0, 0, 0, 0, 0, 0, 500000000, 0, 0, 20217, 0, 2, 0, 0, 0, 0, 0, 64, 0, 0, 0, 0, 0, 100011, 100001, 0, 0, 80, 1, 0, 0, 0, 0, 0, 0, 0, 0, 0, 0, 0, 0, 0, 0, 0, 0, 0, 0, 0, 0, 0, 0, 0, 0, 0, 0, 0, 0, 0, 0, 0, 0, 0, 'Ultimate Mission', 'Kill Nunus the guardian in Zul\'Gurub', 'Slain [Nunus] the guardian', NULL, NULL, NULL, NULL, 180000, 0, 0, 0, 1, 0, 0, 0, 0, 0, 0, 0, 0, 0, 0, 0, 0, 0, 0, 0, 0, 0, 0, 0, 0, 0, 0, 0, 0, 0, 0, 0, 0, NULL, NULL, NULL, NULL, 0, 0, 0, 0, 0, 0, 0, 0, 0, 0, 0, 0, 0, 0, 0, 0, 0, 0, 0, 0, 1);
REPLACE INTO `quest_template` VALUES (100002, 2, 255, 1, 0, 3483, 0, 5, 0, 0, 0, 0, 0, 0, 0, 0, 0, 0, 0, 0, 0, 0, 0, 0, 0, 0, 500000000, 0, 0, 20217, 0, 2, 0, 0, 0, 0, 0, 64, 0, 0, 0, 0, 0, 100002, 100003, 100004, 100011, 1, 1, 1, 10, 120000, 120001, 0, 0, 0, 0, 1, 1, 0, 0, 0, 0, 0, 0, 0, 0, 0, 0, 0, 0, 0, 0, 0, 0, 0, 0, 0, 0, 0, 0, 0, 'Supreme Mission', 'Slay boss lists', 'An other quest with Supremus reward', NULL, NULL, NULL, NULL, 18341, 18343, 18344, 0, 1, 1, 1, 0, 0, 0, 0, 0, 0, 0, 0, 0, 100012, 0, 0, 0, 0, 0, 15, 0, 0, 0, 0, 0, 0, 0, 0, 0, 0, NULL, NULL, NULL, NULL, 0, 0, 0, 0, 0, 0, 0, 0, 0, 0, 0, 0, 0, 0, 0, 0, 0, 0, 0, 0, 1);
REPLACE INTO `quest_template` VALUES (100003, 2, 255, 1, 0, 3792, 0, 5, 0, 0, 0, 0, 0, 0, 0, 0, 0, 0, 0, 0, 0, 0, 0, 0, 0, 0, 100000000, 0, 0, 20217, 0, 5, 0, 0, 0, 0, 0, 4096, 0, 80, 0, 0, 0, 100010, 100011, 0, 0, 3, 150, 0, 0, 0, 0, 0, 0, 0, 0, 0, 0, 0, 0, 0, 0, 0, 0, 0, 0, 0, 0, 0, 0, 0, 0, 0, 0, 0, 0, 0, 0, 0, 0, 0, 'Mana-Tombs Slain', 'Kill bosses from the quest', 'An other quest for donation coins', NULL, NULL, NULL, NULL, 18341, 18343, 18344, 0, 1, 1, 1, 0, 0, 0, 0, 0, 0, 0, 0, 0, 0, 0, 0, 0, 0, 0, 0, 0, 0, 0, 0, 0, 0, 0, 0, 0, 0, NULL, NULL, NULL, NULL, 0, 0, 0, 0, 0, 0, 0, 0, 0, 0, 0, 0, 0, 0, 0, 0, 0, 0, 0, 0, 1);
REPLACE INTO `quest_template` VALUES (100004, 2, 255, 1, 0, 3845, 0, 5, 0, 0, 0, 0, 0, 0, 0, 0, 0, 0, 0, 0, 0, 0, 0, 0, 0, 0, 100000000, 0, 0, 20217, 0, 5, 0, 0, 0, 0, 0, 4096, 0, 76, 0, 0, 0, 100010, 100011, 0, 0, 2, 75, 0, 0, 0, 0, 0, 0, 0, 0, 0, 0, 0, 0, 0, 0, 0, 0, 0, 0, 0, 0, 0, 0, 0, 0, 0, 0, 0, 0, 0, 0, 0, 0, 0, 'Flame of the Eye', 'Kill Al\'Ar the Flame Keeper', 'An other quest for donation coins', NULL, NULL, NULL, NULL, 19514, 0, 0, 0, 1, 0, 0, 0, 0, 0, 0, 0, 0, 0, 0, 0, 0, 0, 0, 0, 0, 0, 0, 0, 0, 0, 0, 0, 0, 0, 0, 0, 0, NULL, NULL, NULL, NULL, 0, 0, 0, 0, 0, 0, 0, 0, 0, 0, 0, 0, 0, 0, 0, 0, 0, 0, 0, 0, 1);
REPLACE INTO `quest_template` VALUES (100005, 2, 255, 1, 0, 3848, 0, 5, 0, 0, 0, 0, 0, 0, 0, 0, 0, 0, 0, 0, 0, 0, 0, 0, 0, 0, 100000000, 0, 0, 20217, 0, 5, 0, 0, 0, 0, 0, 4096, 0, 164, 0, 0, 0, 100010, 100011, 0, 0, 3, 150, 0, 0, 0, 0, 0, 0, 0, 0, 0, 0, 0, 0, 0, 0, 0, 0, 0, 0, 0, 0, 0, 0, 0, 0, 0, 0, 0, 0, 0, 0, 0, 0, 0, 'Arcatraz Jail Keepers', 'Kill bosses from the quest', 'An other quest for donation coins', NULL, NULL, NULL, NULL, 20886, 20870, 20885, 0, 1, 1, 1, 0, 0, 0, 0, 0, 0, 0, 0, 0, 0, 0, 0, 0, 0, 0, 0, 0, 0, 0, 0, 0, 0, 0, 0, 0, 0, NULL, NULL, NULL, NULL, 0, 0, 0, 0, 0, 0, 0, 0, 0, 0, 0, 0, 0, 0, 0, 0, 0, 0, 0, 0, 1);
REPLACE INTO `quest_template` VALUES (100006, 2, 255, 1, 0, 3805, 0, 5, 0, 0, 0, 0, 0, 0, 0, 0, 0, 0, 0, 0, 0, 0, 0, 0, 0, 0, 100000000, 0, 0, 20217, 0, 5, 0, 0, 0, 0, 0, 4096, 0, 167, 0, 0, 0, 100010, 100011, 0, 0, 2, 90, 0, 0, 0, 0, 0, 0, 0, 0, 0, 0, 0, 0, 0, 0, 0, 0, 0, 0, 0, 0, 0, 0, 0, 0, 0, 0, 0, 0, 0, 0, 0, 0, 0, 'Nalorakk the Betrayer', 'Kill Nalorakk the betrayer', 'An other quest for donation coins', NULL, NULL, NULL, NULL, 23576, 0, 0, 0, 1, 0, 0, 0, 0, 0, 0, 0, 0, 0, 0, 0, 0, 0, 0, 0, 0, 0, 0, 0, 0, 0, 0, 0, 0, 0, 0, 0, 0, NULL, NULL, NULL, NULL, 0, 0, 0, 0, 0, 0, 0, 0, 0, 0, 0, 0, 0, 0, 0, 0, 0, 0, 0, 0, 1);
REPLACE INTO `quest_template` VALUES (100007, 2, 255, 1, 0, 3520, 0, 5, 0, 0, 0, 0, 0, 0, 0, 0, 0, 0, 0, 0, 0, 0, 0, 0, 0, 0, 100000000, 0, 0, 20217, 0, 5, 0, 0, 0, 0, 0, 4096, 0, 101, 0, 0, 0, 100010, 100011, 0, 0, 1, 75, 0, 0, 0, 0, 0, 0, 0, 0, 0, 0, 0, 0, 0, 0, 0, 0, 0, 0, 0, 0, 0, 0, 0, 0, 0, 0, 0, 0, 0, 0, 0, 0, 0, 'Doomwalker Fan', 'Kill Doomwalker around the black temple', 'An other quest for donation coins', NULL, NULL, NULL, NULL, 17711, 0, 0, 0, 1, 0, 0, 0, 0, 0, 0, 0, 0, 0, 0, 0, 0, 0, 0, 0, 0, 0, 0, 0, 0, 0, 0, 0, 0, 0, 0, 0, 0, NULL, NULL, NULL, NULL, 0, 0, 0, 0, 0, 0, 0, 0, 0, 0, 0, 0, 0, 0, 0, 0, 0, 0, 0, 0, 1);
REPLACE INTO `quest_template` VALUES (100008, 2, 255, 1, 0, 16, 0, 5, 0, 0, 0, 0, 0, 0, 0, 0, 0, 0, 0, 0, 0, 0, 0, 0, 0, 0, 100000000, 0, 0, 20217, 0, 5, 0, 0, 0, 0, 0, 4096, 0, 111, 0, 0, 0, 100010, 100011, 0, 0, 1, 75, 0, 0, 0, 0, 0, 0, 0, 0, 0, 0, 0, 0, 0, 0, 0, 0, 0, 0, 0, 0, 0, 0, 0, 0, 0, 0, 0, 0, 0, 0, 0, 0, 0, 'Azuregos the Ice Breath', 'Kill Azuregos the Ice breath', 'An other quest for donation coins', NULL, NULL, NULL, NULL, 6109, 0, 0, 0, 1, 0, 0, 0, 0, 0, 0, 0, 0, 0, 0, 0, 0, 0, 0, 0, 0, 0, 0, 0, 0, 0, 0, 0, 0, 0, 0, 0, 0, NULL, NULL, NULL, NULL, 0, 0, 0, 0, 0, 0, 0, 0, 0, 0, 0, 0, 0, 0, 0, 0, 0, 0, 0, 0, 1);
REPLACE INTO `quest_template` VALUES (100009, 2, 255, 1, 0, 357, 0, 5, 0, 0, 0, 0, 0, 0, 0, 0, 0, 0, 0, 0, 0, 0, 0, 0, 0, 0, 100000000, 0, 0, 20217, 0, 5, 0, 0, 0, 0, 0, 4096, 0, 85, 0, 0, 0, 100010, 100011, 0, 0, 1, 75, 0, 0, 0, 0, 0, 0, 0, 0, 0, 0, 0, 0, 0, 0, 0, 0, 0, 0, 0, 0, 0, 0, 0, 0, 0, 0, 0, 0, 0, 0, 0, 0, 0, 'Emeriss Mission', 'Kill Emeriss by the mission', 'An other quest for donation coins', NULL, NULL, NULL, NULL, 14889, 0, 0, 0, 1, 0, 0, 0, 0, 0, 0, 0, 0, 0, 0, 0, 0, 0, 0, 0, 0, 0, 0, 0, 0, 0, 0, 0, 0, 0, 0, 0, 0, NULL, NULL, NULL, NULL, 0, 0, 0, 0, 0, 0, 0, 0, 0, 0, 0, 0, 0, 0, 0, 0, 0, 0, 0, 0, 1);
REPLACE INTO `quest_template` VALUES (100010, 2, 255, 1, 0, 3483, 0, 5, 0, 0, 0, 0, 0, 0, 0, 0, 0, 0, 0, 0, 0, 0, 0, 0, 0, 0, 100000000, 0, 0, 20217, 0, 5, 0, 0, 0, 0, 0, 4096, 0, 94, 0, 0, 0, 100010, 100011, 0, 0, 1, 75, 0, 0, 0, 0, 0, 0, 0, 0, 0, 0, 0, 0, 0, 0, 0, 0, 0, 0, 0, 0, 0, 0, 0, 0, 0, 0, 0, 0, 0, 0, 0, 0, 0, 'Doom Lord Kazzak', 'Kill Doom Lord Kazzak by the mission', 'An other quest for donation coins', NULL, NULL, NULL, NULL, 18728, 0, 0, 0, 1, 0, 0, 0, 0, 0, 0, 0, 0, 0, 0, 0, 0, 0, 0, 0, 0, 0, 0, 0, 0, 0, 0, 0, 0, 0, 0, 0, 0, NULL, NULL, NULL, NULL, 0, 0, 0, 0, 0, 0, 0, 0, 0, 0, 0, 0, 0, 0, 0, 0, 0, 0, 0, 0, 1);
REPLACE INTO `quest_template` VALUES (100020, 2, 255, 1, 0, 0, 0, 1, 0, 0, 0, 0, 0, 0, 0, 0, 0, 0, 0, 0, 0, 0, 0, 0, 0, 0, 100000000, 0, 0, 20217, 0, 5, 0, 0, 0, 0, 0, 4096, 0, 72, 0, 0, 0, 100005, 100011, 0, 0, 1, 200, 0, 0, 0, 0, 0, 0, 0, 0, 0, 0, 0, 0, 0, 0, 0, 0, 0, 0, 0, 0, 0, 0, 0, 0, 0, 0, 0, 0, 0, 0, 0, 0, 0, 'Battle @ Arathi Basin Soul', 'Collect Arathi Basin marks of honor', 'An other quest for Premium tokens', NULL, NULL, NULL, NULL, 0, 0, 0, 0, 0, 0, 0, 0, 0, 0, 0, 0, 0, 0, 0, 0, 20559, 100012, 0, 0, 0, 0, 50, 10, 0, 0, 0, 0, 0, 0, 0, 0, 0, NULL, NULL, NULL, NULL, 0, 0, 0, 0, 0, 0, 0, 0, 0, 0, 0, 0, 0, 0, 0, 0, 0, 0, 0, 0, 1);
REPLACE INTO `quest_template` VALUES (100021, 2, 255, 1, 0, 0, 0, 1, 0, 0, 0, 0, 0, 0, 0, 0, 0, 0, 0, 0, 0, 0, 0, 0, 0, 0, 100000000, 0, 0, 20217, 0, 5, 0, 0, 0, 0, 0, 4096, 0, 72, 0, 0, 0, 100005, 100011, 0, 0, 1, 200, 0, 0, 0, 0, 0, 0, 0, 0, 0, 0, 0, 0, 0, 0, 0, 0, 0, 0, 0, 0, 0, 0, 0, 0, 0, 0, 0, 0, 0, 0, 0, 0, 0, 'Battle @ Warsong Gulch', 'Collect Warsong Gulch marks of honor', 'An other quest for Premium tokens', NULL, NULL, NULL, NULL, 0, 0, 0, 0, 0, 0, 0, 0, 0, 0, 0, 0, 0, 0, 0, 0, 20558, 100012, 0, 0, 0, 0, 50, 10, 0, 0, 0, 0, 0, 0, 0, 0, 0, NULL, NULL, NULL, NULL, 0, 0, 0, 0, 0, 0, 0, 0, 0, 0, 0, 0, 0, 0, 0, 0, 0, 0, 0, 0, 1);
REPLACE INTO `quest_template` VALUES (100022, 2, 255, 1, 0, 0, 0, 1, 0, 0, 0, 0, 0, 0, 0, 0, 0, 0, 0, 0, 0, 0, 0, 0, 0, 0, 100000000, 0, 0, 20217, 0, 5, 0, 0, 0, 0, 0, 4096, 0, 72, 0, 0, 0, 100005, 100011, 0, 0, 1, 200, 0, 0, 0, 0, 0, 0, 0, 0, 0, 0, 0, 0, 0, 0, 0, 0, 0, 0, 0, 0, 0, 0, 0, 0, 0, 0, 0, 0, 0, 0, 0, 0, 0, 'Battle @ Eye of the Storm', 'Collect Eye of the Storm marks of honor', 'An other quest for Premium tokens', NULL, NULL, NULL, NULL, 0, 0, 0, 0, 0, 0, 0, 0, 0, 0, 0, 0, 0, 0, 0, 0, 29024, 100012, 0, 0, 0, 0, 50, 10, 0, 0, 0, 0, 0, 0, 0, 0, 0, NULL, NULL, NULL, NULL, 0, 0, 0, 0, 0, 0, 0, 0, 0, 0, 0, 0, 0, 0, 0, 0, 0, 0, 0, 0, 1);
REPLACE INTO `quest_template` VALUES (100023, 2, 255, 1, 0, 0, 0, 1, 0, 0, 0, 0, 0, 0, 0, 0, 0, 0, 0, 0, 0, 0, 0, 0, 0, 0, 100000000, 0, 0, 20217, 0, 5, 0, 0, 0, 0, 0, 4096, 0, 72, 0, 0, 0, 100005, 100011, 0, 0, 1, 200, 0, 0, 0, 0, 0, 0, 0, 0, 0, 0, 0, 0, 0, 0, 0, 0, 0, 0, 0, 0, 0, 0, 0, 0, 0, 0, 0, 0, 0, 0, 0, 0, 0, 'Battle @ Alterac Valley', 'Collect Alterac Valley marks of honor', 'An other quest for Premium tokens', NULL, NULL, NULL, NULL, 0, 0, 0, 0, 0, 0, 0, 0, 0, 0, 0, 0, 0, 0, 0, 0, 20560, 100012, 0, 0, 0, 0, 25, 10, 0, 0, 0, 0, 0, 0, 0, 0, 0, NULL, NULL, NULL, NULL, 0, 0, 0, 0, 0, 0, 0, 0, 0, 0, 0, 0, 0, 0, 0, 0, 0, 0, 0, 0, 1);
REPLACE INTO `quest_template` VALUES (100025, 2, 255, 1, 0, 0, 0, 1, 0, 0, 0, 0, 0, 0, 0, 0, 0, 0, 0, 0, 0, 0, 0, 0, 0, 0, 250000000, 0, 0, 20217, 0, 10, 0, 0, 0, 0, 0, 4096, 0, 129, 100, 0, 0, 100006, 100007, 100011, 0, 1, 1, 350, 0, 0, 0, 0, 0, 0, 0, 0, 0, 0, 0, 0, 0, 0, 0, 0, 0, 0, 0, 0, 0, 0, 0, 0, 0, 0, 0, 0, 0, 0, 0, 0, 'The Meeting of Honor Soul', 'Slay the required players by the quest', 'An other quest for Aerolite Soul tokens', NULL, NULL, NULL, NULL, 0, 0, 0, 0, 0, 0, 0, 0, 0, 0, 0, 0, 0, 0, 0, 0, 100012, 0, 0, 0, 0, 0, 15, 0, 0, 0, 0, 0, 0, 0, 0, 0, 0, NULL, NULL, NULL, NULL, 0, 0, 0, 0, 0, 0, 0, 0, 0, 0, 0, 0, 0, 0, 0, 0, 0, 0, 0, 0, 1);
REPLACE INTO `quest_template` VALUES (100026, 2, 255, 1, 0, 0, 0, 1, 0, 0, 0, 0, 0, 0, 0, 0, 0, 0, 0, 0, 0, 0, 0, 0, 0, 0, 250000000, 0, 0, 20217, 0, 10, 0, 0, 0, 0, 0, 4096, 0, 177, 0, 0, 0, 100006, 100007, 100011, 0, 1, 1, 350, 0, 0, 0, 0, 0, 0, 0, 0, 0, 0, 0, 0, 0, 0, 0, 0, 0, 0, 0, 0, 0, 0, 0, 0, 0, 0, 0, 0, 0, 0, 0, 0, 'The Meeting of Battleground Soul', 'Collect Marks of honor!', 'An other quest for Aerolite Soul tokens', NULL, NULL, NULL, NULL, 0, 0, 0, 0, 0, 0, 0, 0, 0, 0, 0, 0, 0, 0, 0, 0, 20559, 20558, 29024, 0, 0, 0, 150, 150, 150, 0, 0, 0, 0, 0, 0, 0, 0, NULL, NULL, NULL, NULL, 0, 0, 0, 0, 0, 0, 0, 0, 0, 0, 0, 0, 0, 0, 0, 0, 0, 0, 0, 0, 1);

REPLACE INTO `creature_involvedrelation` VALUES (100009, 100007);
REPLACE INTO `creature_involvedrelation` VALUES (180000, 100003);
REPLACE INTO `creature_involvedrelation` VALUES (180001, 100004);
REPLACE INTO `creature_involvedrelation` VALUES (180002, 100005);
REPLACE INTO `creature_involvedrelation` VALUES (180003, 100006);
REPLACE INTO `creature_involvedrelation` VALUES (180005, 100008);
REPLACE INTO `creature_involvedrelation` VALUES (180006, 100009);
REPLACE INTO `creature_involvedrelation` VALUES (180007, 100010);
REPLACE INTO `creature_involvedrelation` VALUES (180010, 100020);
REPLACE INTO `creature_involvedrelation` VALUES (180011, 100021);
REPLACE INTO `creature_involvedrelation` VALUES (180012, 100022);
REPLACE INTO `creature_involvedrelation` VALUES (180013, 100023);
REPLACE INTO `creature_involvedrelation` VALUES (180015, 100025);
REPLACE INTO `creature_involvedrelation` VALUES (180015, 100026);
REPLACE INTO `creature_involvedrelation` VALUES (190019, 100000);
REPLACE INTO `creature_involvedrelation` VALUES (190020, 100001);
REPLACE INTO `creature_involvedrelation` VALUES (190021, 100002);

REPLACE INTO `creature_questrelation` VALUES (180000, 100003);
REPLACE INTO `creature_questrelation` VALUES (180001, 100004);
REPLACE INTO `creature_questrelation` VALUES (180002, 100005);
REPLACE INTO `creature_questrelation` VALUES (180003, 100006);
REPLACE INTO `creature_questrelation` VALUES (180004, 100007);
REPLACE INTO `creature_questrelation` VALUES (180005, 100008);
REPLACE INTO `creature_questrelation` VALUES (180006, 100009);
REPLACE INTO `creature_questrelation` VALUES (180007, 100010);
REPLACE INTO `creature_questrelation` VALUES (180010, 100020);
REPLACE INTO `creature_questrelation` VALUES (180011, 100021);
REPLACE INTO `creature_questrelation` VALUES (180012, 100022);
REPLACE INTO `creature_questrelation` VALUES (180013, 100023);
REPLACE INTO `creature_questrelation` VALUES (180015, 100025);
REPLACE INTO `creature_questrelation` VALUES (180015, 100026);
REPLACE INTO `creature_questrelation` VALUES (190019, 100000);
REPLACE INTO `creature_questrelation` VALUES (190020, 100001);
REPLACE INTO `creature_questrelation` VALUES (190021, 100002);
